match_id,start_date,era_label,venue,venue_type,win_loss_flag,format
64814,2002-12-29,Early 2000s,"McLean Park, Napier",Away,0.0,ODI
64815,2003-01-01,Early 2000s,"Jade Stadium, Christchurch",Away,0.0,ODI
64816,2003-01-04,Early 2000s,"Davies Park, Queenstown",Away,0.0,ODI
64817,2003-01-08,Early 2000s,"Westpac Stadium, Wellington",Away,1.0,ODI
64819,2003-01-14,Early 2000s,"Westpac Park, Hamilton",Away,0.0,ODI
64882,2004-03-16,Early 2000s,Rawalpindi Cricket Stadium,Away,0.0,ODI
64883,2004-03-19,Early 2000s,Arbab Niaz Stadium,Away,0.0,ODI
64884,2004-03-21,Early 2000s,Gaddafi Stadium,Away,1.0,ODI
64885,2004-03-24,Early 2000s,Gaddafi Stadium,Away,1.0,ODI
64914,2004-12-23,Early 2000s,MA Aziz Stadium,Away,1.0,ODI
64917,2004-12-27,Early 2000s,Bangabandhu National Stadium,Away,1.0,ODI
64939,2005-04-05,Early 2000s,Dr. Y.S. Rajasekhara Reddy ACA-VDCA Cricket Stadium,Home,1.0,ODI
64941,2005-04-12,Early 2000s,"Sardar Patel (Gujarat) Stadium, Motera",Home,0.0,ODI
64942,2005-04-15,Early 2000s,Green Park,Home,0.0,ODI
64943,2005-04-17,Early 2000s,Arun Jaitley Stadium,Home,0.0,ODI
65032,2004-09-01,Early 2000s,Trent Bridge,Away,0.0,ODI
65033,2004-09-03,Early 2000s,Kennington Oval,Away,0.0,ODI
65034,2004-09-05,Early 2000s,Lord's,Away,1.0,ODI
65241,2003-02-12,Early 2000s,"Boland Bank Park, Paarl",Away,1.0,ODI
65244,2003-02-15,Early 2000s,"SuperSport Park, Centurion",Away,0.0,ODI
65250,2003-02-19,Early 2000s,Harare Sports Club,Away,1.0,ODI
65257,2003-02-23,Early 2000s,"City Oval, Pietermaritzburg",Away,1.0,ODI
65262,2003-02-26,Early 2000s,"Kingsmead, Durban",Away,1.0,ODI
65268,2003-03-01,Early 2000s,"SuperSport Park, Centurion",Away,1.0,ODI
65276,2003-03-07,Early 2000s,"Newlands, Cape Town",Away,1.0,ODI
65278,2003-03-10,Early 2000s,"New Wanderers Stadium, Johannesburg",Away,1.0,ODI
65281,2003-03-14,Early 2000s,"SuperSport Park, Centurion",Away,1.0,ODI
65285,2003-03-20,Early 2000s,"Kingsmead, Durban",Away,1.0,ODI
65286,2003-03-23,Early 2000s,"New Wanderers Stadium, Johannesburg",Away,0.0,ODI
65643,2004-01-09,Early 2000s,Melbourne Cricket Ground,Away,0.0,ODI
65645,2004-01-14,Early 2000s,Bellerive Oval,Away,1.0,ODI
65647,2004-01-18,Early 2000s,Brisbane Cricket Ground,Away,1.0,ODI
65648,2004-01-20,Early 2000s,Brisbane Cricket Ground,Away,1.0,ODI
65649,2004-01-22,Early 2000s,Sydney Cricket Ground,Away,1.0,ODI
65653,2004-02-01,Early 2000s,W.A.C.A. Ground,Away,0.0,ODI
65655,2004-02-06,Early 2000s,Melbourne Cricket Ground,Away,0.0,ODI
65656,2004-02-08,Early 2000s,Sydney Cricket Ground,Away,0.0,ODI
65716,2004-07-27,Early 2000s,R.Premadasa Stadium,Away,1.0,ODI
65718,2004-08-01,Early 2000s,R.Premadasa Stadium,Away,0.0,ODI
66198,2004-09-11,Early 2000s,The Rose Bowl,Away,1.0,ODI
66207,2004-09-19,Early 2000s,Edgbaston,Away,0.0,ODI
66284,2002-06-29,Early 2000s,"Lord's, London",Away,1.0,ODI
66356,2003-04-21,Early 2000s,"Bangabandhu National Stadium, Dhaka",Away,1.0,ODI
66364,2003-10-23,Early 2000s,"MA Chidambaram Stadium, Chepauk, Chennai",Home,1.0,ODI
66365,2003-10-26,Early 2000s,"Captain Roop Singh Stadium, Gwalior",Away,1.0,ODI
66367,2003-11-01,Early 2000s,"Wankhede Stadium, Mumbai",Home,0.0,ODI
66369,2003-11-06,Early 2000s,"Barabati Stadium, Cuttack",Home,0.0,ODI
66372,2003-11-15,Early 2000s,"Lal Bahadur Shastri Stadium, Hyderabad, Deccan",Home,1.0,ODI
66374,2004-08-21,Early 2000s,VRA Cricket Ground,Away,0.0,ODI
66375,2004-08-23,Early 2000s,VRA Cricket Ground,Away,0.0,ODI
214742,2005-07-31,Early 2000s,Rangiri Dambulla International Stadium,Away,1.0,ODI
217481,2005-08-29,Early 2000s,Harare Sports Club,Away,1.0,ODI
217979,2005-09-04,Early 2000s,Harare Sports Club,Away,1.0,ODI
218250,2005-09-06,Early 2000s,Harare Sports Club,Away,0.0,ODI
223018,2005-10-25,Early 2000s,Vidarbha C.A. Ground,Home,1.0,ODI
223334,2005-10-28,Early 2000s,"Punjab Cricket Association IS Bindra Stadium, Mohali",Home,1.0,ODI
223902,2005-11-03,Early 2000s,Nehru Stadium,Away,1.0,ODI
224231,2005-11-06,Early 2000s,"Sardar Patel (Gujarat) Stadium, Motera",Home,0.0,ODI
224556,2005-11-09,Early 2000s,Madhavrao Scindia Cricket Ground,Away,1.0,ODI
225437,2005-11-12,Early 2000s,Reliance Stadium,Away,1.0,ODI
225959,2005-11-16,Early 2000s,"Rajiv Gandhi International Stadium, Uppal",Home,0.0,ODI
226359,2005-11-28,Early 2000s,Wankhede Stadium,Home,1.0,ODI
235831,2006-02-06,Early 2000s,Arbab Niaz Stadium,Away,1.0,ODI
236520,2006-02-11,Early 2000s,Rawalpindi Cricket Stadium,Away,1.0,ODI
236809,2006-02-13,Early 2000s,Gaddafi Stadium,Away,1.0,ODI
237222,2006-02-16,Early 2000s,Multan Cricket Stadium,Away,1.0,ODI
237571,2006-02-19,Early 2000s,National Stadium,Away,1.0,ODI
238188,2006-03-28,Early 2000s,Feroz Shah Kotla,Home,1.0,ODI
238189,2006-03-31,Early 2000s,Nahar Singh Stadium,Away,1.0,ODI
238190,2006-04-03,Early 2000s,"Nehru Stadium, Fatorda",Away,1.0,ODI
238193,2006-04-12,Early 2000s,Keenan Stadium,Away,0.0,ODI
238194,2006-04-15,Early 2000s,Maharani Usharaje Trust Cricket Ground,Away,1.0,ODI
239916,2006-05-20,Early 2000s,"Sabina Park, Kingston",Away,0.0,ODI
239917,2006-05-23,Early 2000s,"Warner Park, Basseterre",Away,0.0,ODI
239918,2006-05-26,Early 2000s,"Queen's Park Oval, Port of Spain",Away,0.0,ODI
239919,2006-05-28,Early 2000s,"Queen's Park Oval, Port of Spain",Away,0.0,ODI
244510,2006-04-18,Early 2000s,Sheikh Zayed Stadium,Away,0.0,ODI
244511,2006-04-19,Early 2000s,Sheikh Zayed Stadium,Away,1.0,ODI
247464,2007-03-17,Early 2000s,"Queen's Park Oval, Port of Spain",Away,0.0,ODI
247468,2007-03-19,Early 2000s,"Queen's Park Oval, Port of Spain",Away,1.0,ODI
247476,2007-03-23,Early 2000s,"Queen's Park Oval, Port of Spain",Away,0.0,ODI
249211,2006-11-22,Early 2000s,Kingsmead,Away,0.0,ODI
249212,2006-11-26,Early 2000s,Newlands,Away,0.0,ODI
249213,2006-11-29,Early 2000s,St George's Park,Away,0.0,ODI
249214,2006-12-03,Early 2000s,SuperSport Park,Away,0.0,ODI
249745,2006-10-15,Early 2000s,Sawai Mansingh Stadium,Home,1.0,ODI
249753,2006-10-26,Early 2000s,"Sardar Patel Stadium, Motera",Home,0.0,ODI
249756,2006-10-29,Early 2000s,"Punjab Cricket Association Stadium, Mohali",Home,0.0,ODI
256607,2006-09-14,Early 2000s,Kinrara Academy Oval,Away,1.0,ODI
256608,2006-09-16,Early 2000s,Kinrara Academy Oval,Away,0.0,ODI
256612,2006-09-20,Early 2000s,Kinrara Academy Oval,Away,1.0,ODI
256614,2006-09-22,Early 2000s,Kinrara Academy Oval,Away,0.0,ODI
256665,2006-08-18,Early 2000s,Sinhalese Sports Club Ground,Away,1.0,ODI
258471,2007-08-21,Early 2000s,The Rose Bowl,Away,0.0,ODI
258472,2007-08-24,Early 2000s,County Ground,Away,1.0,ODI
258473,2007-08-27,Early 2000s,Edgbaston,Away,0.0,ODI
258474,2007-08-30,Early 2000s,Old Trafford,Away,0.0,ODI
258475,2007-09-02,Early 2000s,Headingley,Away,1.0,ODI
258476,2007-09-05,Early 2000s,Kennington Oval,Away,1.0,ODI
258477,2007-09-08,Early 2000s,Lord's,Away,0.0,ODI
267708,2007-01-27,Early 2000s,"MA Chidambaram Stadium, Chepauk",Home,0.0,ODI
267709,2007-01-31,Early 2000s,Indian Petrochemicals Corporation Limited Sports Complex Ground,Away,1.0,ODI
267710,2007-02-08,Early 2000s,Eden Gardens,Home,0.0,ODI
267712,2007-02-11,Early 2000s,Madhavrao Scindia Cricket Ground,Away,0.0,ODI
267713,2007-02-17,Early 2000s,Andhra Cricket Association-Visakhapatnam District Cricket Association Stadium,Home,1.0,ODI
267715,2007-02-14,Early 2000s,"Nehru Stadium, Fatorda",Away,1.0,ODI
275789,2007-08-16,Early 2000s,Titwood,Away,1.0,ODI
282688,2007-05-10,Early 2000s,Shere Bangla National Stadium,Away,1.0,ODI
282689,2007-05-12,Early 2000s,Shere Bangla National Stadium,Away,1.0,ODI
291359,2008-02-03,Transition Era,"Brisbane Cricket Ground, Woolloongabba",Away,1.0,ODI
291360,2008-02-05,Transition Era,"Brisbane Cricket Ground, Woolloongabba",Away,1.0,ODI
291362,2008-02-10,Transition Era,Melbourne Cricket Ground,Away,1.0,ODI
291365,2008-02-17,Transition Era,Adelaide Oval,Away,0.0,ODI
291366,2008-02-19,Transition Era,Adelaide Oval,Away,1.0,ODI
291368,2008-02-24,Transition Era,Sydney Cricket Ground,Away,0.0,ODI
291369,2008-02-26,Transition Era,Bellerive Oval,Away,1.0,ODI
291371,2008-03-02,Transition Era,Sydney Cricket Ground,Away,1.0,ODI
291372,2008-03-04,Transition Era,"Brisbane Cricket Ground, Woolloongabba",Away,1.0,ODI
293071,2007-06-23,Early 2000s,"Civil Service Cricket Club, Stormont",Away,0.0,ODI
293076,2007-06-26,Early 2000s,"Civil Service Cricket Club, Stormont",Away,0.0,ODI
293077,2007-06-29,Early 2000s,"Civil Service Cricket Club, Stormont",Away,1.0,ODI
293078,2007-07-01,Early 2000s,"Civil Service Cricket Club, Stormont",Away,1.0,ODI
297793,2007-09-29,Early 2000s,M Chinnaswamy Stadium,Home,0.0,ODI
297794,2007-10-02,Early 2000s,Nehru Stadium,Away,0.0,ODI
297795,2007-10-05,Early 2000s,"Rajiv Gandhi International Stadium, Uppal",Home,0.0,ODI
297796,2007-10-08,Early 2000s,Sector 16 Stadium,Away,1.0,ODI
297797,2007-10-11,Early 2000s,Reliance Stadium,Away,0.0,ODI
297798,2007-10-14,Early 2000s,Vidarbha Cricket Association Ground,Home,0.0,ODI
297799,2007-10-17,Early 2000s,Wankhede Stadium,Home,1.0,ODI
297801,2007-11-05,Early 2000s,Nehru Stadium,Away,1.0,ODI
297802,2007-11-08,Early 2000s,"Punjab Cricket Association Stadium, Mohali",Home,0.0,ODI
297803,2007-11-11,Early 2000s,Green Park,Home,1.0,ODI
297804,2007-11-15,Early 2000s,Captain Roop Singh Stadium,Away,1.0,ODI
297805,2007-11-18,Early 2000s,Sawai Mansingh Stadium,Home,0.0,ODI
335349,2008-06-25,Transition Era,National Stadium,Away,1.0,ODI
335351,2008-06-26,Transition Era,National Stadium,Away,1.0,ODI
335352,2008-06-28,Transition Era,National Stadium,Away,1.0,ODI
335355,2008-07-02,Transition Era,National Stadium,Away,0.0,ODI
335356,2008-07-03,Transition Era,National Stadium,Away,1.0,ODI
335358,2008-07-06,Transition Era,National Stadium,Away,0.0,ODI
343732,2008-08-18,Transition Era,Rangiri Dambulla International Stadium,Away,0.0,ODI
343733,2008-08-20,Transition Era,Rangiri Dambulla International Stadium,Away,1.0,ODI
343734,2008-08-24,Transition Era,R Premadasa Stadium,Away,1.0,ODI
343736,2008-08-29,Transition Era,R Premadasa Stadium,Away,0.0,ODI
345469,2008-06-10,Transition Era,Shere Bangla National Stadium,Away,1.0,ODI
345470,2008-06-12,Transition Era,Shere Bangla National Stadium,Away,1.0,ODI
345471,2008-06-14,Transition Era,Shere Bangla National Stadium,Away,0.0,ODI
361043,2008-11-14,Transition Era,Madhavrao Scindia Cricket Ground,Away,1.0,ODI
361044,2008-11-17,Transition Era,Maharani Usharaje Trust Cricket Ground,Away,1.0,ODI
361045,2008-11-20,Transition Era,Green Park,Home,0.0,ODI
361046,2008-11-23,Transition Era,M Chinnaswamy Stadium,Home,0.0,ODI
361047,2008-11-26,Transition Era,Barabati Stadium,Home,1.0,ODI
366341,2008-08-27,Transition Era,R Premadasa Stadium,Away,1.0,ODI
366623,2009-03-03,Transition Era,McLean Park,Away,1.0,ODI
366624,2009-03-11,Transition Era,Seddon Park,Away,0.0,ODI
366625,2009-03-14,Transition Era,Eden Park,Away,0.0,ODI
366626,2009-03-06,Transition Era,Westpac Stadium,Away,1.0,ODI
366627,2009-03-08,Transition Era,AMI Stadium,Away,1.0,ODI
377313,2009-06-26,Transition Era,"Sabina Park, Kingston",Away,1.0,ODI
377314,2009-06-28,Transition Era,"Sabina Park, Kingston",Away,0.0,ODI
377315,2009-07-03,Transition Era,"Beausejour Stadium, Gros Islet",Away,0.0,ODI
377316,2009-07-05,Transition Era,"Beausejour Stadium, Gros Islet",Away,0.0,ODI
386530,2009-01-28,Transition Era,Rangiri Dambulla International Stadium,Away,1.0,ODI
386531,2009-01-31,Transition Era,R Premadasa Stadium,Away,1.0,ODI
386532,2009-02-03,Transition Era,R Premadasa Stadium,Away,1.0,ODI
386533,2009-02-05,Transition Era,R Premadasa Stadium,Away,1.0,ODI
386534,2009-02-08,Transition Era,R Premadasa Stadium,Away,0.0,ODI
403381,2009-09-12,Transition Era,R Premadasa Stadium,Away,0.0,ODI
403382,2009-09-11,Transition Era,R Premadasa Stadium,Away,1.0,ODI
403383,2009-09-14,Transition Era,R Premadasa Stadium,Away,1.0,ODI
415278,2009-09-26,Transition Era,SuperSport Park,Away,0.0,ODI
415281,2009-09-28,Transition Era,SuperSport Park,Away,0.0,ODI
415284,2009-09-30,Transition Era,New Wanderers Stadium,Away,1.0,ODI
416236,2009-10-25,Transition Era,Reliance Stadium,Away,0.0,ODI
416237,2009-10-28,Transition Era,"Vidarbha Cricket Association Stadium, Jamtha",Home,1.0,ODI
416238,2009-10-31,Transition Era,Feroz Shah Kotla,Home,1.0,ODI
416239,2009-11-02,Transition Era,"Punjab Cricket Association Stadium, Mohali",Home,0.0,ODI
416240,2009-11-05,Transition Era,"Rajiv Gandhi International Stadium, Uppal",Home,0.0,ODI
416241,2009-11-08,Transition Era,Nehru Stadium,Away,0.0,ODI
430886,2009-12-15,Transition Era,Madhavrao Scindia Cricket Ground,Away,1.0,ODI
430887,2009-12-18,Transition Era,"Vidarbha Cricket Association Stadium, Jamtha",Home,0.0,ODI
430888,2009-12-21,Transition Era,Barabati Stadium,Home,1.0,ODI
430889,2009-12-24,Transition Era,Eden Gardens,Home,1.0,ODI
430890,2009-12-27,Transition Era,Feroz Shah Kotla,Home,0.0,ODI
433558,2011-02-19,Transition Era,Shere Bangla National Stadium,Away,1.0,ODI
433578,2011-03-06,Transition Era,M Chinnaswamy Stadium,Home,1.0,ODI
433582,2011-03-09,Transition Era,Feroz Shah Kotla,Home,1.0,ODI
433586,2011-03-12,Transition Era,"Vidarbha Cricket Association Stadium, Jamtha",Home,0.0,ODI
433599,2011-03-20,Transition Era,"MA Chidambaram Stadium, Chepauk",Home,1.0,ODI
433601,2011-03-24,Transition Era,"Sardar Patel Stadium, Motera",Home,1.0,ODI
433605,2011-03-30,Transition Era,"Punjab Cricket Association Stadium, Mohali",Home,1.0,ODI
433606,2011-04-02,Transition Era,Wankhede Stadium,Home,1.0,ODI
434259,2010-01-05,Transition Era,Shere Bangla National Stadium,Away,0.0,ODI
434260,2010-01-07,Transition Era,Shere Bangla National Stadium,Away,1.0,ODI
434262,2010-01-10,Transition Era,Shere Bangla National Stadium,Away,1.0,ODI
434263,2010-01-11,Transition Era,Shere Bangla National Stadium,Away,1.0,ODI
434264,2010-01-13,Transition Era,Shere Bangla National Stadium,Away,0.0,ODI
441827,2010-02-21,Transition Era,Sawai Mansingh Stadium,Home,1.0,ODI
441828,2010-02-24,Transition Era,Captain Roop Singh Stadium,Away,1.0,ODI
441829,2010-02-27,Transition Era,"Sardar Patel Stadium, Motera",Home,0.0,ODI
452146,2010-05-28,Transition Era,Queens Sports Club,Away,0.0,ODI
452147,2010-05-30,Transition Era,Queens Sports Club,Away,1.0,ODI
452149,2010-06-03,Transition Era,Harare Sports Club,Away,0.0,ODI
452150,2010-06-05,Transition Era,Harare Sports Club,Away,0.0,ODI
455232,2010-06-16,Transition Era,Rangiri Dambulla International Stadium,Away,1.0,ODI
455234,2010-06-19,Transition Era,Rangiri Dambulla International Stadium,Away,1.0,ODI
455236,2010-06-22,Transition Era,Rangiri Dambulla International Stadium,Away,0.0,ODI
455237,2010-06-24,Transition Era,Rangiri Dambulla International Stadium,Away,1.0,ODI
456662,2010-08-10,Transition Era,Rangiri Dambulla International Stadium,Away,0.0,ODI
456663,2010-08-16,Transition Era,Rangiri Dambulla International Stadium,Away,1.0,ODI
456665,2010-08-25,Transition Era,Rangiri Dambulla International Stadium,Away,1.0,ODI
456666,2010-08-22,Transition Era,Rangiri Dambulla International Stadium,Away,0.0,ODI
456668,2010-08-28,Transition Era,Rangiri Dambulla International Stadium,Away,0.0,ODI
463150,2011-01-12,Transition Era,Kingsmead,Away,0.0,ODI
463151,2011-01-15,Transition Era,New Wanderers Stadium,Away,1.0,ODI
463152,2011-01-18,Transition Era,Newlands,Away,1.0,ODI
463153,2011-01-21,Transition Era,St George's Park,Away,0.0,ODI
463154,2011-01-23,Transition Era,SuperSport Park,Away,0.0,ODI
464529,2010-10-20,Transition Era,Dr. Y.S. Rajasekhara Reddy ACA-VDCA Cricket Stadium,Home,1.0,ODI
467883,2010-11-28,Transition Era,Nehru Stadium,Away,1.0,ODI
467884,2010-12-01,Transition Era,Sawai Mansingh Stadium,Home,1.0,ODI
467885,2010-12-04,Transition Era,Reliance Stadium,Away,1.0,ODI
467886,2010-12-07,Transition Era,M Chinnaswamy Stadium,Home,1.0,ODI
467887,2010-12-10,Transition Era,"MA Chidambaram Stadium, Chepauk",Home,1.0,ODI
474477,2011-09-03,Transition Era,Riverside Ground,Away,1.0,ODI
474478,2011-09-06,Transition Era,The Rose Bowl,Away,0.0,ODI
474479,2011-09-09,Transition Era,Kennington Oval,Away,1.0,ODI
474480,2011-09-11,Transition Era,Lord's,Away,1.0,ODI
474481,2011-09-16,Transition Era,Sophia Gardens,Away,1.0,ODI
489221,2011-06-06,Transition Era,"Queen's Park Oval, Port of Spain",Away,1.0,ODI
489222,2011-06-08,Transition Era,"Queen's Park Oval, Port of Spain",Away,0.0,ODI
489223,2011-06-11,Transition Era,"Sir Vivian Richards Stadium, North Sound",Away,1.0,ODI
489224,2011-06-13,Transition Era,"Sir Vivian Richards Stadium, North Sound",Away,0.0,ODI
489225,2011-06-16,Transition Era,"Sabina Park, Kingston",Away,0.0,ODI
518956,2012-02-05,Transition Era,Melbourne Cricket Ground,Away,0.0,ODI
518957,2012-02-08,Transition Era,Western Australia Cricket Association Ground,Away,1.0,ODI
518959,2012-02-12,Transition Era,Adelaide Oval,Away,1.0,ODI
518962,2012-02-19,Transition Era,"Brisbane Cricket Ground, Woolloongabba",Away,0.0,ODI
518963,2012-02-21,Transition Era,"Brisbane Cricket Ground, Woolloongabba",Away,0.0,ODI
518965,2012-02-26,Transition Era,Sydney Cricket Ground,Away,0.0,ODI
518966,2012-02-28,Transition Era,Bellerive Oval,Away,1.0,ODI
521218,2011-10-14,Transition Era,"Rajiv Gandhi International Stadium, Uppal",Home,1.0,ODI
521219,2011-10-17,Transition Era,Feroz Shah Kotla,Home,1.0,ODI
521220,2011-10-20,Transition Era,"Punjab Cricket Association Stadium, Mohali",Home,1.0,ODI
521221,2011-10-23,Transition Era,Wankhede Stadium,Home,1.0,ODI
521222,2011-10-25,Transition Era,Eden Gardens,Home,1.0,ODI
535795,2012-03-13,Transition Era,Shere Bangla National Stadium,Away,1.0,ODI
535797,2012-03-16,Transition Era,Shere Bangla National Stadium,Away,0.0,ODI
535798,2012-03-18,Transition Era,Shere Bangla National Stadium,Away,1.0,ODI
536929,2011-11-29,Transition Era,Barabati Stadium,Home,1.0,ODI
536930,2011-12-02,Transition Era,Dr. Y.S. Rajasekhara Reddy ACA-VDCA Cricket Stadium,Home,1.0,ODI
536931,2011-12-05,Transition Era,"Sardar Patel Stadium, Motera",Home,0.0,ODI
536932,2011-12-08,Transition Era,Holkar Cricket Stadium,Home,1.0,ODI
536933,2011-12-11,Transition Era,"MA Chidambaram Stadium, Chepauk",Home,1.0,ODI
564781,2012-07-21,Transition Era,"Mahinda Rajapaksa International Cricket Stadium, Sooriyawewa",Away,1.0,ODI
564782,2012-07-24,Transition Era,"Mahinda Rajapaksa International Cricket Stadium, Sooriyawewa",Away,1.0,ODI
564783,2012-07-28,Transition Era,R Premadasa Stadium,Away,1.0,ODI
564784,2012-07-31,Transition Era,R Premadasa Stadium,Away,1.0,ODI
564785,2012-08-04,Transition Era,Pallekele International Cricket Stadium,Away,1.0,ODI
565812,2013-01-11,Modern Era,Saurashtra Cricket Association Stadium,Home,0.0,ODI
565813,2013-01-15,Modern Era,Nehru Stadium,Away,1.0,ODI
565814,2013-01-19,Modern Era,JSCA International Stadium Complex,Home,1.0,ODI
565815,2013-01-23,Modern Era,"Punjab Cricket Association Stadium, Mohali",Home,1.0,ODI
565816,2013-01-27,Modern Era,Himachal Pradesh Cricket Association Stadium,Home,0.0,ODI
566947,2013-06-20,Modern Era,Sophia Gardens,Away,1.0,ODI
566948,2013-06-23,Modern Era,Edgbaston,Away,1.0,ODI
578614,2013-06-06,Modern Era,Sophia Gardens,Away,1.0,ODI
578619,2013-06-11,Modern Era,Kennington Oval,Away,1.0,ODI
578623,2013-06-15,Modern Era,Edgbaston,Away,0.0,ODI
589308,2012-12-30,Transition Era,"MA Chidambaram Stadium, Chepauk",Home,0.0,ODI
589309,2013-01-03,Modern Era,Eden Gardens,Home,0.0,ODI
589310,2013-01-06,Modern Era,Feroz Shah Kotla,Home,1.0,ODI
597924,2013-06-30,Modern Era,"Sabina Park, Kingston",Away,0.0,ODI
597925,2013-07-02,Modern Era,"Sabina Park, Kingston",Away,0.0,ODI
597926,2013-07-05,Modern Era,"Queen's Park Oval, Port of Spain",Away,1.0,ODI
597928,2013-07-09,Modern Era,"Queen's Park Oval, Port of Spain",Away,1.0,ODI
597929,2013-07-11,Modern Era,"Queen's Park Oval, Port of Spain",Away,1.0,ODI
643665,2013-07-24,Modern Era,Harare Sports Club,Away,1.0,ODI
643667,2013-07-26,Modern Era,Harare Sports Club,Away,1.0,ODI
643669,2013-07-28,Modern Era,Harare Sports Club,Away,1.0,ODI
643675,2013-08-01,Modern Era,Queens Sports Club,Away,1.0,ODI
643677,2013-08-03,Modern Era,Queens Sports Club,Away,1.0,ODI
647249,2013-10-13,Modern Era,Maharashtra Cricket Association Stadium,Home,0.0,ODI
647251,2013-10-16,Modern Era,Sawai Mansingh Stadium,Home,1.0,ODI
647253,2013-10-19,Modern Era,"Punjab Cricket Association Stadium, Mohali",Home,0.0,ODI
647255,2013-10-23,Modern Era,JSCA International Stadium Complex,Home,0.0,ODI
647259,2013-10-30,Modern Era,"Vidarbha Cricket Association Stadium, Jamtha",Home,1.0,ODI
647261,2013-11-02,Modern Era,M Chinnaswamy Stadium,Home,1.0,ODI
648651,2013-12-05,Modern Era,New Wanderers Stadium,Away,0.0,ODI
648653,2013-12-08,Modern Era,Kingsmead,Away,0.0,ODI
648655,2013-12-11,Modern Era,SuperSport Park,Away,0.0,ODI
656405,2015-02-15,Modern Era,Adelaide Oval,Away,1.0,ODI
656423,2015-02-22,Modern Era,Melbourne Cricket Ground,Away,1.0,ODI
656439,2015-02-28,Modern Era,Western Australia Cricket Association Ground,Away,1.0,ODI
656453,2015-03-06,Modern Era,Western Australia Cricket Association Ground,Away,1.0,ODI
656465,2015-03-10,Modern Era,Seddon Park,Away,1.0,ODI
656475,2015-03-14,Modern Era,Eden Park,Away,1.0,ODI
656485,2015-03-19,Modern Era,Melbourne Cricket Ground,Away,1.0,ODI
656493,2015-03-26,Modern Era,Sydney Cricket Ground,Away,0.0,ODI
667641,2014-01-19,Modern Era,McLean Park,Away,0.0,ODI
667643,2014-01-22,Modern Era,Seddon Park,Away,1.0,ODI
667647,2014-01-28,Modern Era,Seddon Park,Away,0.0,ODI
667649,2014-01-31,Modern Era,Westpac Stadium,Away,0.0,ODI
667723,2014-08-27,Modern Era,Sophia Gardens,Away,1.0,ODI
667725,2014-08-30,Modern Era,Trent Bridge,Away,1.0,ODI
667727,2014-09-02,Modern Era,Edgbaston,Away,1.0,ODI
667729,2014-09-05,Modern Era,Headingley,Away,0.0,ODI
676529,2013-11-21,Modern Era,Nehru Stadium,Away,1.0,ODI
676531,2013-11-24,Modern Era,Dr. Y.S. Rajasekhara Reddy ACA-VDCA Cricket Stadium,Home,0.0,ODI
676533,2013-11-27,Modern Era,Green Park,Home,1.0,ODI
710293,2014-02-26,Modern Era,Khan Shaheb Osman Ali Stadium,Away,1.0,ODI
710297,2014-02-28,Modern Era,Khan Shaheb Osman Ali Stadium,Away,0.0,ODI
710301,2014-03-02,Modern Era,Shere Bangla National Stadium,Away,0.0,ODI
744679,2014-06-15,Modern Era,Shere Bangla National Stadium,Away,0.0,ODI
744681,2014-06-17,Modern Era,Shere Bangla National Stadium,Away,1.0,ODI
744683,2014-06-19,Modern Era,Shere Bangla National Stadium,Away,1.0,ODI
754749,2015-01-18,Modern Era,Melbourne Cricket Ground,Away,0.0,ODI
754753,2015-01-20,Modern Era,"Brisbane Cricket Ground, Woolloongabba",Away,0.0,ODI
754757,2015-01-26,Modern Era,Sydney Cricket Ground,Away,1.0,ODI
754759,2015-01-30,Modern Era,Western Australia Cricket Association Ground,Away,0.0,ODI
770121,2014-10-08,Modern Era,Nehru Stadium,Away,0.0,ODI
770123,2014-10-11,Modern Era,Feroz Shah Kotla,Home,1.0,ODI
770127,2014-10-17,Modern Era,Himachal Pradesh Cricket Association Stadium,Home,1.0,ODI
792289,2014-11-02,Modern Era,Barabati Stadium,Home,1.0,ODI
792291,2014-11-06,Modern Era,"Sardar Patel Stadium, Motera",Home,1.0,ODI
792293,2014-11-09,Modern Era,"Rajiv Gandhi International Stadium, Uppal",Home,1.0,ODI
792295,2014-11-13,Modern Era,Eden Gardens,Home,1.0,ODI
792297,2014-11-16,Modern Era,JSCA International Stadium Complex,Home,1.0,ODI
870731,2015-06-18,Modern Era,Shere Bangla National Stadium,Away,0.0,ODI
870735,2015-06-24,Modern Era,Shere Bangla National Stadium,Away,1.0,ODI
885959,2015-07-10,Modern Era,Harare Sports Club,Away,1.0,ODI
885965,2015-07-12,Modern Era,Harare Sports Club,Away,1.0,ODI
885967,2015-07-14,Modern Era,Harare Sports Club,Away,1.0,ODI
895807,2016-01-12,Modern Era,Western Australia Cricket Association Ground,Away,0.0,ODI
895809,2016-01-15,Modern Era,"Brisbane Cricket Ground, Woolloongabba",Away,0.0,ODI
895811,2016-01-17,Modern Era,Melbourne Cricket Ground,Away,0.0,ODI
895813,2016-01-20,Modern Era,Manuka Oval,Away,0.0,ODI
895815,2016-01-23,Modern Era,Sydney Cricket Ground,Away,1.0,ODI
903593,2015-10-11,Modern Era,Green Park,Home,0.0,ODI
903595,2015-10-14,Modern Era,Holkar Cricket Stadium,Home,1.0,ODI
903597,2015-10-18,Modern Era,Saurashtra Cricket Association Stadium,Home,0.0,ODI
903599,2015-10-22,Modern Era,"MA Chidambaram Stadium, Chepauk",Home,1.0,ODI
903601,2015-10-25,Modern Era,Wankhede Stadium,Home,0.0,ODI
1007649,2016-06-11,Modern Era,Harare Sports Club,Away,1.0,ODI
1007651,2016-06-13,Modern Era,Harare Sports Club,Away,1.0,ODI
1007653,2016-06-15,Modern Era,Harare Sports Club,Away,1.0,ODI
1022353,2017-06-04,Modern Era,Edgbaston,Away,1.0,ODI
1022361,2017-06-08,Modern Era,Kennington Oval,Away,0.0,ODI
1022367,2017-06-11,Modern Era,Kennington Oval,Away,1.0,ODI
1022373,2017-06-15,Modern Era,Edgbaston,Away,1.0,ODI
1022375,2017-06-18,Modern Era,Kennington Oval,Away,0.0,ODI
1030219,2016-10-16,Modern Era,Himachal Pradesh Cricket Association Stadium,Home,1.0,ODI
1030221,2016-10-20,Modern Era,Feroz Shah Kotla,Home,0.0,ODI
1030223,2016-10-23,Modern Era,"Punjab Cricket Association Stadium, Mohali",Home,1.0,ODI
1030225,2016-10-26,Modern Era,JSCA International Stadium Complex,Home,0.0,ODI
1030227,2016-10-29,Modern Era,Dr. Y.S. Rajasekhara Reddy ACA-VDCA Cricket Stadium,Home,1.0,ODI
1034819,2017-01-15,Modern Era,Maharashtra Cricket Association Stadium,Home,1.0,ODI
1034821,2017-01-19,Modern Era,Barabati Stadium,Home,1.0,ODI
1034823,2017-01-22,Modern Era,Eden Gardens,Home,0.0,ODI
1098206,2017-06-23,Modern Era,"Queen's Park Oval, Port of Spain",Away,1.0,ODI
1098207,2017-06-25,Modern Era,"Queen's Park Oval, Port of Spain",Away,1.0,ODI
1098208,2017-06-30,Modern Era,"Sir Vivian Richards Stadium, North Sound",Away,1.0,ODI
1098209,2017-07-02,Modern Era,"Sir Vivian Richards Stadium, North Sound",Away,0.0,ODI
1098210,2017-07-06,Modern Era,"Sabina Park, Kingston",Away,1.0,ODI
1109605,2017-08-20,Modern Era,Rangiri Dambulla International Stadium,Away,1.0,ODI
1109606,2017-08-24,Modern Era,Pallekele International Cricket Stadium,Away,0.0,ODI
1109607,2017-08-27,Modern Era,Pallekele International Cricket Stadium,Away,1.0,ODI
1109608,2017-08-31,Modern Era,"R.Premadasa Stadium, Khettarama",Away,1.0,ODI
1109609,2017-09-03,Modern Era,"R.Premadasa Stadium, Khettarama",Away,1.0,ODI
1119496,2017-09-17,Modern Era,"MA Chidambaram Stadium, Chepauk",Home,1.0,ODI
1119497,2017-09-21,Modern Era,Eden Gardens,Home,1.0,ODI
1119498,2017-09-24,Modern Era,Holkar Cricket Stadium,Home,1.0,ODI
1119499,2017-09-28,Modern Era,M.Chinnaswamy Stadium,Home,0.0,ODI
1119500,2017-10-01,Modern Era,"Vidarbha Cricket Association Stadium, Jamtha",Home,1.0,ODI
1119546,2018-07-12,Modern Era,Trent Bridge,Away,1.0,ODI
1119547,2018-07-14,Modern Era,Lord's,Away,0.0,ODI
1119548,2018-07-17,Modern Era,Headingley,Away,0.0,ODI
1120090,2017-10-22,Modern Era,Wankhede Stadium,Home,0.0,ODI
1120091,2017-10-25,Modern Era,Maharashtra Cricket Association Stadium,Home,1.0,ODI
1120092,2017-10-29,Modern Era,Green Park,Home,1.0,ODI
1122279,2018-02-01,Modern Era,Kingsmead,Away,1.0,ODI
1122280,2018-02-04,Modern Era,SuperSport Park,Away,1.0,ODI
1122281,2018-02-07,Modern Era,Newlands,Away,1.0,ODI
1122282,2018-02-10,Modern Era,The Wanderers Stadium,Away,1.0,ODI
1122283,2018-02-13,Modern Era,St George's Park,Away,1.0,ODI
1122284,2018-02-16,Modern Era,SuperSport Park,Away,1.0,ODI
1122726,2017-12-10,Modern Era,Himachal Pradesh Cricket Association Stadium,Home,0.0,ODI
1122727,2017-12-13,Modern Era,"Punjab Cricket Association IS Bindra Stadium, Mohali",Home,1.0,ODI
1122728,2017-12-17,Modern Era,Dr. Y.S. Rajasekhara Reddy ACA-VDCA Cricket Stadium,Home,1.0,ODI
1144490,2019-06-05,Modern Era,The Rose Bowl,Away,1.0,ODI
1144496,2019-06-09,Modern Era,Kennington Oval,Away,1.0,ODI
1144504,2019-06-16,Modern Era,Old Trafford,Away,1.0,ODI
1144516,2019-06-27,Modern Era,Old Trafford,Away,1.0,ODI
1144520,2019-06-30,Modern Era,Edgbaston,Away,0.0,ODI
1144522,2019-07-02,Modern Era,Edgbaston,Away,1.0,ODI
1144526,2019-07-06,Modern Era,Headingley,Away,1.0,ODI
1144528,2019-07-09,Modern Era,Old Trafford,Away,0.0,ODI
1144997,2019-01-12,Modern Era,Sydney Cricket Ground,Away,0.0,ODI
1144998,2019-01-15,Modern Era,Adelaide Oval,Away,1.0,ODI
1144999,2019-01-18,Modern Era,Melbourne Cricket Ground,Away,1.0,ODI
1153246,2018-09-18,Modern Era,Dubai International Cricket Stadium,Away,1.0,ODI
1153247,2018-09-19,Modern Era,Dubai International Cricket Stadium,Away,1.0,ODI
1153249,2018-09-21,Modern Era,Dubai International Cricket Stadium,Away,1.0,ODI
1153251,2018-09-23,Modern Era,Dubai International Cricket Stadium,Away,1.0,ODI
1153255,2018-09-28,Modern Era,Dubai International Cricket Stadium,Away,1.0,ODI
1153691,2019-01-23,Modern Era,McLean Park,Away,0.0,ODI
1153692,2019-01-26,Modern Era,Bay Oval,Away,1.0,ODI
1153693,2019-01-28,Modern Era,Bay Oval,Away,1.0,ODI
1153694,2019-01-31,Modern Era,Seddon Park,Away,0.0,ODI
1153695,2019-02-03,Modern Era,Westpac Stadium,Away,1.0,ODI
1157754,2018-10-21,Modern Era,Barsapara Cricket Stadium,Home,1.0,ODI
1157756,2018-10-27,Modern Era,Maharashtra Cricket Association Stadium,Home,0.0,ODI
1157757,2018-10-29,Modern Era,Brabourne Stadium,Home,1.0,ODI
1157758,2018-11-01,Modern Era,Greenfield International Stadium,Home,1.0,ODI
1168242,2019-03-02,Modern Era,"Rajiv Gandhi International Stadium, Uppal",Home,1.0,ODI
1168243,2019-03-05,Modern Era,"Vidarbha Cricket Association Stadium, Jamtha",Home,1.0,ODI
1168244,2019-03-08,Modern Era,JSCA International Stadium Complex,Home,0.0,ODI
1168245,2019-03-10,Modern Era,"Punjab Cricket Association IS Bindra Stadium, Mohali",Home,0.0,ODI
1168246,2019-03-13,Modern Era,Arun Jaitley Stadium,Home,0.0,ODI
1187021,2019-12-15,Modern Era,"MA Chidambaram Stadium, Chepauk",Home,0.0,ODI
1187022,2019-12-18,Modern Era,Dr. Y.S. Rajasekhara Reddy ACA-VDCA Cricket Stadium,Home,1.0,ODI
1187023,2019-12-22,Modern Era,Barabati Stadium,Home,1.0,ODI
1187027,2020-01-14,Modern Era,Wankhede Stadium,Home,0.0,ODI
1187028,2020-01-17,Modern Era,Saurashtra Cricket Association Stadium,Home,1.0,ODI
1187029,2020-01-19,Modern Era,M.Chinnaswamy Stadium,Home,1.0,ODI
1187682,2020-02-05,Modern Era,Seddon Park,Away,0.0,ODI
1187683,2020-02-08,Modern Era,Eden Park,Away,0.0,ODI
1187684,2020-02-11,Modern Era,Bay Oval,Away,0.0,ODI
1188624,2019-08-08,Modern Era,"Providence Stadium, Guyana",Away,0.0,ODI
1188625,2019-08-11,Modern Era,"Queen's Park Oval, Trinidad",Away,1.0,ODI
1188626,2019-08-14,Modern Era,"Queen's Park Oval, Trinidad",Away,1.0,ODI
1223955,2020-11-27,Modern Era,Sydney Cricket Ground,Away,0.0,ODI
1223956,2020-11-29,Modern Era,Sydney Cricket Ground,Away,0.0,ODI
1223957,2020-12-02,Modern Era,Manuka Oval,Away,1.0,ODI
1243393,2021-03-23,Modern Era,Maharashtra Cricket Association Stadium,Home,1.0,ODI
1243394,2021-03-26,Modern Era,Maharashtra Cricket Association Stadium,Home,0.0,ODI
1243395,2021-03-28,Modern Era,Maharashtra Cricket Association Stadium,Home,1.0,ODI
1262755,2021-07-18,Modern Era,"R Premadasa Stadium, Colombo",Away,1.0,ODI
1262756,2021-07-20,Modern Era,"R Premadasa Stadium, Colombo",Away,1.0,ODI
1262757,2021-07-23,Modern Era,"R Premadasa Stadium, Colombo",Away,0.0,ODI
1276907,2022-07-12,Modern Era,"Kennington Oval, London",Away,1.0,ODI
1276908,2022-07-14,Modern Era,"Lord's, London",Away,0.0,ODI
1276909,2022-07-17,Modern Era,"Old Trafford, Manchester",Away,1.0,ODI
1277082,2022-01-19,Modern Era,"Boland Park, Paarl",Away,0.0,ODI
1277083,2022-01-21,Modern Era,"Boland Park, Paarl",Away,0.0,ODI
1277084,2022-01-23,Modern Era,"Newlands, Cape Town",Away,0.0,ODI
1278676,2022-02-06,Modern Era,"Narendra Modi Stadium, Ahmedabad",Home,1.0,ODI
1278677,2022-02-09,Modern Era,"Narendra Modi Stadium, Ahmedabad",Home,1.0,ODI
1278678,2022-02-11,Modern Era,"Narendra Modi Stadium, Ahmedabad",Home,1.0,ODI
1317900,2022-07-22,Modern Era,"Queen's Park Oval, Port of Spain, Trinidad",Away,1.0,ODI
1317901,2022-07-24,Modern Era,"Queen's Park Oval, Port of Spain, Trinidad",Away,1.0,ODI
1317902,2022-07-27,Modern Era,"Queen's Park Oval, Port of Spain, Trinidad",Away,1.0,ODI
1322278,2022-11-25,Modern Era,"Eden Park, Auckland",Away,0.0,ODI
1322279,2022-11-27,Modern Era,"Seddon Park, Hamilton",Away,1.0,ODI
1322280,2022-11-30,Modern Era,"Hagley Oval, Christchurch",Away,1.0,ODI
1325549,2022-08-18,Modern Era,Harare Sports Club,Away,1.0,ODI
1325550,2022-08-20,Modern Era,Harare Sports Club,Away,1.0,ODI
1325551,2022-08-22,Modern Era,Harare Sports Club,Away,1.0,ODI
1327509,2022-10-06,Modern Era,"Bharat Ratna Shri Atal Bihari Vajpayee Ekana Cricket Stadium, Lucknow",Home,0.0,ODI
1327510,2022-10-09,Modern Era,"JSCA International Stadium Complex, Ranchi",Home,1.0,ODI
1327511,2022-10-11,Modern Era,"Arun Jaitley Stadium, Delhi",Home,1.0,ODI
1340845,2022-12-04,Modern Era,"Shere Bangla National Stadium, Mirpur",Away,0.0,ODI
1340846,2022-12-07,Modern Era,"Shere Bangla National Stadium, Mirpur",Away,0.0,ODI
1340847,2022-12-10,Modern Era,"Zahur Ahmed Chowdhury Stadium, Chattogram",Away,1.0,ODI
1348643,2023-01-10,Modern Era,"Barsapara Cricket Stadium, Guwahati",Home,1.0,ODI
1348644,2023-01-12,Modern Era,"Eden Gardens, Kolkata",Home,1.0,ODI
1348645,2023-01-15,Modern Era,"Greenfield International Stadium, Thiruvananthapuram",Home,1.0,ODI
1348646,2023-01-18,Modern Era,"Rajiv Gandhi International Stadium, Uppal, Hyderabad",Home,1.0,ODI
1348647,2023-01-21,Modern Era,"Shaheed Veer Narayan Singh International Stadium, Raipur",Away,1.0,ODI
1348648,2023-01-24,Modern Era,"Holkar Cricket Stadium, Indore",Home,1.0,ODI
1348656,2023-03-17,Modern Era,"Wankhede Stadium, Mumbai",Home,1.0,ODI
1348657,2023-03-19,Modern Era,"Dr. Y.S. Rajasekhara Reddy ACA-VDCA Cricket Stadium, Visakhapatnam",Home,0.0,ODI
1348658,2023-03-22,Modern Era,"MA Chidambaram Stadium, Chepauk, Chennai",Home,0.0,ODI
1381214,2023-07-27,Modern Era,"Kensington Oval, Bridgetown, Barbados",Away,1.0,ODI
1381215,2023-07-29,Modern Era,"Kensington Oval, Bridgetown, Barbados",Away,0.0,ODI
1381216,2023-08-01,Modern Era,"Brian Lara Stadium, Tarouba, Trinidad",Away,1.0,ODI
1384396,2023-10-08,Modern Era,"MA Chidambaram Stadium, Chepauk, Chennai",Home,1.0,ODI
1384403,2023-10-14,Modern Era,"Narendra Modi Stadium, Ahmedabad",Home,1.0,ODI
1384408,2023-10-19,Modern Era,"Maharashtra Cricket Association Stadium, Pune",Home,1.0,ODI
1384412,2023-10-22,Modern Era,"Himachal Pradesh Cricket Association Stadium, Dharamsala",Home,1.0,ODI
1384420,2023-10-29,Modern Era,"Bharat Ratna Shri Atal Bihari Vajpayee Ekana Cricket Stadium, Lucknow",Home,1.0,ODI
1384424,2023-11-02,Modern Era,"Wankhede Stadium, Mumbai",Home,1.0,ODI
1384428,2023-11-05,Modern Era,"Eden Gardens, Kolkata",Home,1.0,ODI
1384436,2023-11-12,Modern Era,"M Chinnaswamy Stadium, Bengaluru",Home,1.0,ODI
1384437,2023-11-15,Modern Era,"Wankhede Stadium, Mumbai",Home,1.0,ODI
1384439,2023-11-19,Modern Era,"Narendra Modi Stadium, Ahmedabad",Home,0.0,ODI
1387600,2023-12-17,Modern Era,"The Wanderers Stadium, Johannesburg",Away,1.0,ODI
1387601,2023-12-19,Modern Era,"St George's Park, Gqeberha",Away,0.0,ODI
1387602,2023-12-21,Modern Era,"Boland Park, Paarl",Away,1.0,ODI
1388394,2023-09-02,Modern Era,Pallekele International Cricket Stadium,Away,1.0,ODI
1388398,2023-09-04,Modern Era,Pallekele International Cricket Stadium,Away,0.0,ODI
1388406,2023-09-10,Modern Era,"R Premadasa Stadium, Colombo",Away,1.0,ODI
1388407,2023-09-12,Modern Era,"R Premadasa Stadium, Colombo",Away,1.0,ODI
1388412,2023-09-15,Modern Era,"R Premadasa Stadium, Colombo",Away,0.0,ODI
1388414,2023-09-17,Modern Era,"R Premadasa Stadium, Colombo",Away,1.0,ODI
1389388,2023-09-22,Modern Era,"Punjab Cricket Association IS Bindra Stadium, Mohali, Chandigarh",Home,1.0,ODI
1389389,2023-09-24,Modern Era,"Holkar Cricket Stadium, Indore",Home,1.0,ODI
1389390,2023-09-27,Modern Era,"Saurashtra Cricket Association Stadium, Rajkot",Home,0.0,ODI
1439904,2025-02-06,Modern Era,"Vidarbha Cricket Association Stadium, Jamtha, Nagpur",Home,1.0,ODI
1439905,2025-02-09,Modern Era,"Barabati Stadium, Cuttack",Home,1.0,ODI
1439906,2025-02-12,Modern Era,"Narendra Modi Stadium, Ahmedabad",Home,1.0,ODI
1442991,2024-08-04,Modern Era,"R Premadasa Stadium, Colombo",Away,0.0,ODI
1442992,2024-08-07,Modern Era,"R Premadasa Stadium, Colombo",Away,0.0,ODI
1466415,2025-02-20,Modern Era,Dubai International Cricket Stadium,Away,1.0,ODI
1466418,2025-02-23,Modern Era,Dubai International Cricket Stadium,Away,1.0,ODI
1466425,2025-03-02,Modern Era,Dubai International Cricket Stadium,Away,1.0,ODI
1466426,2025-03-04,Modern Era,Dubai International Cricket Stadium,Away,1.0,ODI
1466428,2025-03-09,Modern Era,Dubai International Cricket Stadium,Away,1.0,ODI
1478904,2025-10-19,Modern Era,Perth Stadium,Away,1.0,ODI
1478905,2025-10-23,Modern Era,Adelaide Oval,Away,0.0,ODI
1478906,2025-10-25,Modern Era,Sydney Cricket Ground,Away,1.0,ODI
1479573,2025-11-30,Modern Era,"JSCA International Stadium Complex, Ranchi",Home,1.0,ODI
1479574,2025-12-03,Modern Era,"Shaheed Veer Narayan Singh International Stadium, Raipur",Away,0.0,ODI
1479575,2025-12-06,Modern Era,"Dr. Y.S. Rajasekhara Reddy ACA-VDCA Cricket Stadium, Visakhapatnam",Home,1.0,ODI
1490231,2026-01-11,Modern Era,"Kotambi Stadium, Vadodara",Home,1.0,ODI
1490232,2026-01-14,Modern Era,"Niranjan Shah Stadium, Rajkot",Home,0.0,ODI
1490233,2026-01-18,Modern Era,"Holkar Cricket Stadium, Indore",Home,0.0,ODI
255954,2006-12-01,Early 2000s,New Wanderers Stadium,Away,1.0,T20I
287865,2007-09-16,Early 2000s,New Wanderers Stadium,Away,0.0,T20I
287873,2007-09-19,Early 2000s,Kingsmead,Away,1.0,T20I
287876,2007-09-20,Early 2000s,Kingsmead,Away,1.0,T20I
287878,2007-09-22,Early 2000s,Kingsmead,Away,1.0,T20I
287879,2007-09-24,Early 2000s,New Wanderers Stadium,Away,1.0,T20I
291356,2008-02-01,Transition Era,Melbourne Cricket Ground,Away,0.0,T20I
297800,2007-10-20,Early 2000s,Brabourne Stadium,Home,1.0,T20I
355994,2009-06-06,Transition Era,Trent Bridge,Away,1.0,T20I
356001,2009-06-10,Transition Era,Trent Bridge,Away,1.0,T20I
356006,2009-06-12,Transition Era,Lord's,Away,0.0,T20I
356010,2009-06-14,Transition Era,Lord's,Away,0.0,T20I
356014,2009-06-16,Transition Era,Trent Bridge,Away,0.0,T20I
366622,2009-02-27,Transition Era,Westpac Stadium,Away,0.0,T20I
386494,2009-02-25,Transition Era,AMI Stadium,Away,0.0,T20I
386535,2009-02-10,Transition Era,R Premadasa Stadium,Away,1.0,T20I
412682,2010-05-02,Transition Era,"Beausejour Stadium, Gros Islet",Away,1.0,T20I
412691,2010-05-07,Transition Era,"Kensington Oval, Bridgetown",Away,0.0,T20I
412695,2010-05-09,Transition Era,"Kensington Oval, Bridgetown",Away,0.0,T20I
412699,2010-05-11,Transition Era,"Beausejour Stadium, Gros Islet",Away,0.0,T20I
430884,2009-12-09,Transition Era,"Vidarbha Cricket Association Stadium, Jamtha",Home,0.0,T20I
430885,2009-12-12,Transition Era,"Punjab Cricket Association Stadium, Mohali",Home,1.0,T20I
452153,2010-06-12,Transition Era,Harare Sports Club,Away,1.0,T20I
452154,2010-06-13,Transition Era,Harare Sports Club,Away,1.0,T20I
463149,2011-01-09,Transition Era,Moses Mabhida Stadium,Away,1.0,T20I
474476,2011-08-31,Transition Era,Old Trafford,Away,0.0,T20I
489220,2011-06-04,Transition Era,"Queen's Park Oval, Port of Spain",Away,1.0,T20I
518954,2012-02-01,Transition Era,Stadium Australia,Away,0.0,T20I
518955,2012-02-03,Transition Era,Melbourne Cricket Ground,Away,1.0,T20I
521217,2011-10-29,Transition Era,Eden Gardens,Home,0.0,T20I
533281,2012-09-23,Transition Era,R Premadasa Stadium,Away,1.0,T20I
533287,2012-09-28,Transition Era,R Premadasa Stadium,Away,0.0,T20I
533291,2012-09-30,Transition Era,R Premadasa Stadium,Away,1.0,T20I
533295,2012-10-02,Transition Era,R Premadasa Stadium,Away,1.0,T20I
556252,2012-03-30,Transition Era,New Wanderers Stadium,Away,0.0,T20I
564786,2012-08-07,Transition Era,Pallekele International Cricket Stadium,Away,1.0,T20I
565810,2012-12-20,Transition Era,Subrata Roy Sahara Stadium,Away,1.0,T20I
565811,2012-12-22,Transition Era,Wankhede Stadium,Home,0.0,T20I
565820,2012-09-11,Transition Era,"MA Chidambaram Stadium, Chepauk",Home,0.0,T20I
589306,2012-12-25,Transition Era,M Chinnaswamy Stadium,Home,0.0,T20I
589307,2012-12-28,Transition Era,"Sardar Patel Stadium, Motera",Home,1.0,T20I
647247,2013-10-10,Modern Era,Saurashtra Cricket Association Stadium,Home,1.0,T20I
667731,2014-09-07,Modern Era,Edgbaston,Away,0.0,T20I
682921,2014-03-21,Modern Era,Shere Bangla National Stadium,Away,1.0,T20I
682929,2014-03-23,Modern Era,Shere Bangla National Stadium,Away,1.0,T20I
682943,2014-03-28,Modern Era,Shere Bangla National Stadium,Away,1.0,T20I
682951,2014-03-30,Modern Era,Shere Bangla National Stadium,Away,1.0,T20I
682963,2014-04-04,Modern Era,Shere Bangla National Stadium,Away,1.0,T20I
682965,2014-04-06,Modern Era,Shere Bangla National Stadium,Away,0.0,T20I
885969,2015-07-17,Modern Era,Harare Sports Club,Away,1.0,T20I
885971,2015-07-19,Modern Era,Harare Sports Club,Away,0.0,T20I
895817,2016-01-26,Modern Era,Adelaide Oval,Away,1.0,T20I
895819,2016-01-29,Modern Era,Melbourne Cricket Ground,Away,1.0,T20I
895821,2016-01-31,Modern Era,Sydney Cricket Ground,Away,1.0,T20I
903587,2015-10-02,Modern Era,Himachal Pradesh Cricket Association Stadium,Home,0.0,T20I
903589,2015-10-05,Modern Era,Barabati Stadium,Home,0.0,T20I
951329,2016-03-15,Modern Era,"Vidarbha Cricket Association Stadium, Jamtha",Home,0.0,T20I
951341,2016-03-19,Modern Era,Eden Gardens,Home,1.0,T20I
951353,2016-03-23,Modern Era,M Chinnaswamy Stadium,Home,1.0,T20I
951363,2016-03-27,Modern Era,"Punjab Cricket Association IS Bindra Stadium, Mohali",Home,1.0,T20I
951371,2016-03-31,Modern Era,Wankhede Stadium,Home,0.0,T20I
963697,2016-02-09,Modern Era,Maharashtra Cricket Association Stadium,Home,0.0,T20I
963699,2016-02-12,Modern Era,JSCA International Stadium Complex,Home,1.0,T20I
963701,2016-02-14,Modern Era,Dr. Y.S. Rajasekhara Reddy ACA-VDCA Cricket Stadium,Home,1.0,T20I
966745,2016-02-24,Modern Era,Shere Bangla National Stadium,Away,1.0,T20I
966751,2016-02-27,Modern Era,Shere Bangla National Stadium,Away,1.0,T20I
966757,2016-03-01,Modern Era,Shere Bangla National Stadium,Away,1.0,T20I
966761,2016-03-03,Modern Era,Shere Bangla National Stadium,Away,1.0,T20I
966765,2016-03-06,Modern Era,Shere Bangla National Stadium,Away,1.0,T20I
1007655,2016-06-18,Modern Era,Harare Sports Club,Away,0.0,T20I
1007657,2016-06-20,Modern Era,Harare Sports Club,Away,1.0,T20I
1007659,2016-06-22,Modern Era,Harare Sports Club,Away,1.0,T20I
1034825,2017-01-26,Modern Era,Green Park,Home,0.0,T20I
1034827,2017-01-29,Modern Era,"Vidarbha Cricket Association Stadium, Jamtha",Home,1.0,T20I
1034829,2017-02-01,Modern Era,M Chinnaswamy Stadium,Home,1.0,T20I
1041615,2016-08-27,Modern Era,Central Broward Regional Park Stadium Turf Ground,Away,0.0,T20I
1041617,2016-08-28,Modern Era,Central Broward Regional Park Stadium Turf Ground,Away,0.0,T20I
1098211,2017-07-09,Modern Era,"Sabina Park, Kingston",Away,0.0,T20I
1109610,2017-09-06,Modern Era,"R.Premadasa Stadium, Khettarama",Away,1.0,T20I
1119501,2017-10-07,Modern Era,JSCA International Stadium Complex,Home,0.0,T20I
1119502,2017-10-10,Modern Era,Barsapara Cricket Stadium,Home,0.0,T20I
1119543,2018-07-03,Modern Era,Old Trafford,Away,1.0,T20I
1119544,2018-07-06,Modern Era,Sophia Gardens,Away,0.0,T20I
1119545,2018-07-08,Modern Era,County Ground,Away,1.0,T20I
1120093,2017-11-01,Modern Era,Arun Jaitley Stadium,Home,1.0,T20I
1120094,2017-11-04,Modern Era,Saurashtra Cricket Association Stadium,Home,0.0,T20I
1120095,2017-11-07,Modern Era,Greenfield International Stadium,Home,1.0,T20I
1122285,2018-02-18,Modern Era,The Wanderers Stadium,Away,1.0,T20I
1122286,2018-02-21,Modern Era,SuperSport Park,Away,0.0,T20I
1122287,2018-02-24,Modern Era,Newlands,Away,1.0,T20I
1122729,2017-12-20,Modern Era,Barabati Stadium,Home,1.0,T20I
1122730,2017-12-22,Modern Era,Holkar Cricket Stadium,Home,1.0,T20I
1122731,2017-12-24,Modern Era,Wankhede Stadium,Home,1.0,T20I
1133817,2018-03-06,Modern Era,"R.Premadasa Stadium, Khettarama",Away,0.0,T20I
1133818,2018-03-08,Modern Era,"R.Premadasa Stadium, Khettarama",Away,1.0,T20I
1133820,2018-03-12,Modern Era,"R.Premadasa Stadium, Khettarama",Away,1.0,T20I
1133821,2018-03-14,Modern Era,"R.Premadasa Stadium, Khettarama",Away,1.0,T20I
1133823,2018-03-18,Modern Era,"R.Premadasa Stadium, Khettarama",Away,1.0,T20I
1140992,2018-06-27,Modern Era,"The Village, Malahide",Away,1.0,T20I
1140993,2018-06-29,Modern Era,"The Village, Malahide",Away,1.0,T20I
1144990,2018-11-21,Modern Era,"Brisbane Cricket Ground, Woolloongabba",Away,1.0,T20I
1144991,2018-11-23,Modern Era,Melbourne Cricket Ground,Away,0.0,T20I
1144992,2018-11-25,Modern Era,Sydney Cricket Ground,Away,1.0,T20I
1153696,2019-02-06,Modern Era,Westpac Stadium,Away,0.0,T20I
1153697,2019-02-08,Modern Era,Eden Park,Away,1.0,T20I
1153698,2019-02-10,Modern Era,Seddon Park,Away,0.0,T20I
1157759,2018-11-04,Modern Era,Eden Gardens,Home,1.0,T20I
1157760,2018-11-06,Modern Era,Bharat Ratna Shri Atal Bihari Vajpayee Ekana Cricket Stadium,Away,1.0,T20I
1157761,2018-11-11,Modern Era,"MA Chidambaram Stadium, Chepauk",Home,1.0,T20I
1168247,2019-02-24,Modern Era,Dr. Y.S. Rajasekhara Reddy ACA-VDCA Cricket Stadium,Home,0.0,T20I
1168248,2019-02-27,Modern Era,M.Chinnaswamy Stadium,Home,0.0,T20I
1187005,2019-09-18,Modern Era,"Punjab Cricket Association IS Bindra Stadium, Mohali",Home,1.0,T20I
1187006,2019-09-22,Modern Era,M.Chinnaswamy Stadium,Home,0.0,T20I
1187013,2019-11-03,Modern Era,Arun Jaitley Stadium,Home,0.0,T20I
1187014,2019-11-07,Modern Era,Saurashtra Cricket Association Stadium,Home,1.0,T20I
1187015,2019-11-10,Modern Era,"Vidarbha Cricket Association Stadium, Jamtha",Home,1.0,T20I
1187018,2019-12-06,Modern Era,"Rajiv Gandhi International Stadium, Uppal",Home,1.0,T20I
1187019,2019-12-08,Modern Era,Greenfield International Stadium,Home,0.0,T20I
1187020,2019-12-11,Modern Era,Wankhede Stadium,Home,1.0,T20I
1187677,2020-01-24,Modern Era,Eden Park,Away,1.0,T20I
1187678,2020-01-26,Modern Era,Eden Park,Away,1.0,T20I
1187679,2020-01-29,Modern Era,Seddon Park,Away,1.0,T20I
1187680,2020-01-31,Modern Era,Westpac Stadium,Away,1.0,T20I
1187681,2020-02-02,Modern Era,Bay Oval,Away,1.0,T20I
1188621,2019-08-03,Modern Era,Central Broward Regional Park Stadium Turf Ground,Away,1.0,T20I
1188622,2019-08-04,Modern Era,Central Broward Regional Park Stadium Turf Ground,Away,1.0,T20I
1188623,2019-08-06,Modern Era,"Providence Stadium, Guyana",Away,1.0,T20I
1202243,2020-01-07,Modern Era,Holkar Cricket Stadium,Home,1.0,T20I
1202244,2020-01-10,Modern Era,Maharashtra Cricket Association Stadium,Home,1.0,T20I
1223952,2020-12-04,Modern Era,Manuka Oval,Away,1.0,T20I
1223953,2020-12-06,Modern Era,Sydney Cricket Ground,Away,1.0,T20I
1223954,2020-12-08,Modern Era,Sydney Cricket Ground,Away,0.0,T20I
1243388,2021-03-12,Modern Era,Narendra Modi Stadium,Home,0.0,T20I
1243389,2021-03-14,Modern Era,Narendra Modi Stadium,Home,1.0,T20I
1243390,2021-03-16,Modern Era,Narendra Modi Stadium,Home,0.0,T20I
1243391,2021-03-18,Modern Era,Narendra Modi Stadium,Home,1.0,T20I
1243392,2021-03-20,Modern Era,Narendra Modi Stadium,Home,1.0,T20I
1262758,2021-07-25,Modern Era,"R Premadasa Stadium, Colombo",Away,1.0,T20I
1262759,2021-07-28,Modern Era,"R Premadasa Stadium, Colombo",Away,0.0,T20I
1262760,2021-07-29,Modern Era,"R Premadasa Stadium, Colombo",Away,0.0,T20I
1273727,2021-10-24,Modern Era,Dubai International Cricket Stadium,Away,0.0,T20I
1273739,2021-10-31,Modern Era,Dubai International Cricket Stadium,Away,0.0,T20I
1273748,2021-11-05,Modern Era,Dubai International Cricket Stadium,Away,1.0,T20I
1273753,2021-11-08,Modern Era,Dubai International Cricket Stadium,Away,1.0,T20I
1276904,2022-07-07,Modern Era,"The Rose Bowl, Southampton",Away,1.0,T20I
1276905,2022-07-09,Modern Era,"Edgbaston, Birmingham",Away,1.0,T20I
1276906,2022-07-10,Modern Era,"Trent Bridge, Nottingham",Away,0.0,T20I
1278671,2021-11-17,Modern Era,"Sawai Mansingh Stadium, Jaipur",Home,1.0,T20I
1278672,2021-11-19,Modern Era,"JSCA International Stadium Complex, Ranchi",Home,1.0,T20I
1278673,2021-11-21,Modern Era,"Eden Gardens, Kolkata",Home,1.0,T20I
1278679,2022-02-16,Modern Era,"Eden Gardens, Kolkata",Home,1.0,T20I
1278680,2022-02-18,Modern Era,"Eden Gardens, Kolkata",Home,1.0,T20I
1278681,2022-02-20,Modern Era,"Eden Gardens, Kolkata",Home,1.0,T20I
1278684,2022-02-24,Modern Era,"Bharat Ratna Shri Atal Bihari Vajpayee Ekana Cricket Stadium, Lucknow",Home,1.0,T20I
1278685,2022-02-26,Modern Era,"Himachal Pradesh Cricket Association Stadium, Dharamsala",Home,1.0,T20I
1278686,2022-02-27,Modern Era,"Himachal Pradesh Cricket Association Stadium, Dharamsala",Home,1.0,T20I
1278687,2022-06-09,Modern Era,"Arun Jaitley Stadium, Delhi",Home,0.0,T20I
1278688,2022-06-12,Modern Era,"Barabati Stadium, Cuttack",Home,0.0,T20I
1278689,2022-06-14,Modern Era,"Dr. Y.S. Rajasekhara Reddy ACA-VDCA Cricket Stadium, Visakhapatnam",Home,1.0,T20I
1278690,2022-06-17,Modern Era,"Saurashtra Cricket Association Stadium, Rajkot",Home,1.0,T20I
1278691,2022-06-19,Modern Era,"M Chinnaswamy Stadium, Bangalore",Home,1.0,T20I
1298150,2022-10-23,Modern Era,Melbourne Cricket Ground,Away,1.0,T20I
1298157,2022-10-27,Modern Era,Sydney Cricket Ground,Away,1.0,T20I
1298164,2022-10-30,Modern Era,Perth Stadium,Away,0.0,T20I
1298169,2022-11-02,Modern Era,Adelaide Oval,Away,1.0,T20I
1298176,2022-11-06,Modern Era,Melbourne Cricket Ground,Away,1.0,T20I
1298178,2022-11-10,Modern Era,Adelaide Oval,Away,0.0,T20I
1303307,2022-06-26,Modern Era,"The Village, Malahide, Dublin",Away,1.0,T20I
1303308,2022-06-28,Modern Era,"The Village, Malahide, Dublin",Away,1.0,T20I
1317903,2022-07-29,Modern Era,"Brian Lara Stadium, Tarouba, Trinidad",Away,1.0,T20I
1317904,2022-08-01,Modern Era,"Warner Park, Basseterre, St Kitts",Away,0.0,T20I
1317905,2022-08-02,Modern Era,"Warner Park, Basseterre, St Kitts",Away,1.0,T20I
1317906,2022-08-06,Modern Era,"Central Broward Regional Park Stadium Turf Ground, Lauderhill",Away,1.0,T20I
1317907,2022-08-07,Modern Era,"Central Broward Regional Park Stadium Turf Ground, Lauderhill",Away,1.0,T20I
1322276,2022-11-20,Modern Era,"Bay Oval, Mount Maunganui",Away,1.0,T20I
1322277,2022-11-22,Modern Era,"McLean Park, Napier",Away,0.0,T20I
1327270,2022-08-28,Modern Era,Dubai International Cricket Stadium,Away,1.0,T20I
1327272,2022-08-31,Modern Era,Dubai International Cricket Stadium,Away,1.0,T20I
1327276,2022-09-04,Modern Era,Dubai International Cricket Stadium,Away,0.0,T20I
1327277,2022-09-06,Modern Era,Dubai International Cricket Stadium,Away,0.0,T20I
1327503,2022-09-20,Modern Era,"Punjab Cricket Association IS Bindra Stadium, Mohali, Chandigarh",Home,0.0,T20I
1327504,2022-09-23,Modern Era,"Vidarbha Cricket Association Stadium, Jamtha, Nagpur",Home,1.0,T20I
1327505,2022-09-25,Modern Era,"Rajiv Gandhi International Stadium, Uppal, Hyderabad",Home,1.0,T20I
1327506,2022-09-28,Modern Era,"Greenfield International Stadium, Thiruvananthapuram",Home,1.0,T20I
1327507,2022-10-02,Modern Era,"Barsapara Cricket Stadium, Guwahati",Home,1.0,T20I
1327508,2022-10-04,Modern Era,"Holkar Cricket Stadium, Indore",Home,0.0,T20I
1348640,2023-01-03,Modern Era,"Wankhede Stadium, Mumbai",Home,1.0,T20I
1348641,2023-01-05,Modern Era,"Maharashtra Cricket Association Stadium, Pune",Home,0.0,T20I
1348642,2023-01-07,Modern Era,"Saurashtra Cricket Association Stadium, Rajkot",Home,1.0,T20I
1348649,2023-01-27,Modern Era,"JSCA International Stadium Complex, Ranchi",Home,0.0,T20I
1348650,2023-01-29,Modern Era,"Bharat Ratna Shri Atal Bihari Vajpayee Ekana Cricket Stadium, Lucknow",Home,1.0,T20I
1348651,2023-02-01,Modern Era,"Narendra Modi Stadium, Ahmedabad",Home,1.0,T20I
1381217,2023-08-03,Modern Era,"Brian Lara Stadium, Tarouba, Trinidad",Away,0.0,T20I
1381218,2023-08-06,Modern Era,"Providence Stadium, Guyana",Away,0.0,T20I
1381219,2023-08-08,Modern Era,"Providence Stadium, Guyana",Away,1.0,T20I
1381220,2023-08-12,Modern Era,"Central Broward Regional Park Stadium Turf Ground, Lauderhill",Away,1.0,T20I
1381221,2023-08-13,Modern Era,"Central Broward Regional Park Stadium Turf Ground, Lauderhill",Away,0.0,T20I
1384634,2023-08-18,Modern Era,"Malahide, Dublin",Away,0.0,T20I
1384637,2023-08-20,Modern Era,"Malahide, Dublin",Away,1.0,T20I
1387598,2023-12-12,Modern Era,"St George's Park, Gqeberha",Away,1.0,T20I
1387599,2023-12-14,Modern Era,"The Wanderers Stadium, Johannesburg",Away,1.0,T20I
1389391,2023-11-23,Modern Era,"Dr. Y.S. Rajasekhara Reddy ACA-VDCA Cricket Stadium, Visakhapatnam",Home,1.0,T20I
1389392,2023-11-26,Modern Era,"Greenfield International Stadium, Thiruvananthapuram",Home,1.0,T20I
1389393,2023-11-28,Modern Era,"Barsapara Cricket Stadium, Guwahati",Home,0.0,T20I
1389394,2023-12-01,Modern Era,"Shaheed Veer Narayan Singh International Stadium, Raipur",Away,1.0,T20I
1389395,2023-12-03,Modern Era,"M Chinnaswamy Stadium, Bengaluru",Home,1.0,T20I
1399113,2023-10-03,Modern Era,Zhejiang University of Technology Cricket Field,Away,1.0,T20I
1399117,2023-10-06,Modern Era,Zhejiang University of Technology Cricket Field,Away,1.0,T20I
1415708,2024-06-05,Modern Era,"Nassau County International Cricket Stadium, New York",Away,1.0,T20I
1415719,2024-06-09,Modern Era,"Nassau County International Cricket Stadium, New York",Away,1.0,T20I
1415725,2024-06-12,Modern Era,"Nassau County International Cricket Stadium, New York",Away,1.0,T20I
1415747,2024-06-22,Modern Era,"Sir Vivian Richards Stadium, North Sound, Antigua",Away,1.0,T20I
1415751,2024-06-24,Modern Era,"Daren Sammy National Cricket Stadium, Gros Islet, St Lucia",Away,1.0,T20I
1415754,2024-06-27,Modern Era,"Providence Stadium, Guyana",Away,1.0,T20I
1415755,2024-06-29,Modern Era,"Kensington Oval, Bridgetown, Barbados",Away,1.0,T20I
1420223,2024-07-06,Modern Era,Harare Sports Club,Away,0.0,T20I
1420224,2024-07-07,Modern Era,Harare Sports Club,Away,1.0,T20I
1420225,2024-07-10,Modern Era,Harare Sports Club,Away,1.0,T20I
1420226,2024-07-13,Modern Era,Harare Sports Club,Away,1.0,T20I
1420227,2024-07-14,Modern Era,Harare Sports Club,Away,1.0,T20I
1439893,2024-10-06,Modern Era,"Shrimant Madhavrao Scindia Cricket Stadium, Gwalior",Away,1.0,T20I
1439894,2024-10-09,Modern Era,"Arun Jaitley Stadium, Delhi",Home,1.0,T20I
1439895,2024-10-12,Modern Era,"Rajiv Gandhi International Stadium, Uppal, Hyderabad",Home,1.0,T20I
1439899,2025-01-22,Modern Era,"Eden Gardens, Kolkata",Home,1.0,T20I
1439900,2025-01-25,Modern Era,"MA Chidambaram Stadium, Chepauk, Chennai",Home,1.0,T20I
1439901,2025-01-28,Modern Era,"Saurashtra Cricket Association Stadium, Rajkot",Home,0.0,T20I
1439902,2025-01-31,Modern Era,"Maharashtra Cricket Association Stadium, Pune",Home,1.0,T20I
1439903,2025-02-02,Modern Era,"Wankhede Stadium, Mumbai",Home,1.0,T20I
1442987,2024-07-27,Modern Era,Pallekele International Cricket Stadium,Away,1.0,T20I
1442988,2024-07-28,Modern Era,Pallekele International Cricket Stadium,Away,0.0,T20I
1442989,2024-07-30,Modern Era,Pallekele International Cricket Stadium,Away,1.0,T20I
1449301,2024-11-08,Modern Era,"Kingsmead, Durban",Away,1.0,T20I
1449302,2024-11-10,Modern Era,"St George's Park, Gqeberha",Away,0.0,T20I
1449303,2024-11-13,Modern Era,"SuperSport Park, Centurion",Away,1.0,T20I
1449304,2024-11-15,Modern Era,"The Wanderers Stadium, Johannesburg",Away,1.0,T20I
1478907,2025-10-29,Modern Era,"Manuka Oval, Canberra",Away,1.0,T20I
1478908,2025-10-31,Modern Era,Melbourne Cricket Ground,Away,0.0,T20I
1478909,2025-11-02,Modern Era,"Bellerive Oval, Hobart",Away,1.0,T20I
1478910,2025-11-06,Modern Era,Carrara Oval,Away,1.0,T20I
1478911,2025-11-08,Modern Era,"Brisbane Cricket Ground, Woolloongabba, Brisbane",Away,1.0,T20I
1479576,2025-12-09,Modern Era,"Barabati Stadium, Cuttack",Home,1.0,T20I
1479577,2025-12-11,Modern Era,"Maharaja Yadavindra Singh International Cricket Stadium, New Chandigarh",Away,0.0,T20I
1479578,2025-12-14,Modern Era,"Himachal Pradesh Cricket Association Stadium, Dharamsala",Home,1.0,T20I
1479580,2025-12-19,Modern Era,"Narendra Modi Stadium, Ahmedabad",Home,1.0,T20I
1490234,2026-01-21,Modern Era,"Vidarbha Cricket Association Stadium, Jamtha, Nagpur",Home,1.0,T20I
1490235,2026-01-23,Modern Era,"Shaheed Veer Narayan Singh International Stadium, Raipur",Away,0.0,T20I
1490236,2026-01-25,Modern Era,"Barsapara Cricket Stadium, Guwahati",Home,1.0,T20I
1490237,2026-01-28,Modern Era,"Dr. Y.S. Rajasekhara Reddy ACA-VDCA Cricket Stadium, Visakhapatnam",Home,0.0,T20I
1490238,2026-01-31,Modern Era,"Greenfield International Stadium, Thiruvananthapuram",Home,1.0,T20I
1496921,2025-09-10,Modern Era,Dubai International Cricket Stadium,Away,1.0,T20I
1496925,2025-09-14,Modern Era,Dubai International Cricket Stadium,Away,1.0,T20I
1496931,2025-09-19,Modern Era,"Zayed Cricket Stadium, Abu Dhabi",Away,1.0,T20I
1496933,2025-09-21,Modern Era,Dubai International Cricket Stadium,Away,1.0,T20I
1496935,2025-09-24,Modern Era,Dubai International Cricket Stadium,Away,1.0,T20I
1496937,2025-09-26,Modern Era,Dubai International Cricket Stadium,Away,1.0,T20I
1496938,2025-09-28,Modern Era,Dubai International Cricket Stadium,Away,1.0,T20I
1512721,2026-02-07,Modern Era,"Wankhede Stadium, Mumbai",Home,1.0,T20I
1512736,2026-02-12,Modern Era,"Arun Jaitley Stadium, Delhi",Home,1.0,T20I
1512745,2026-02-15,Modern Era,"R Premadasa Stadium, Colombo",Away,1.0,T20I
1512754,2026-02-18,Modern Era,"Narendra Modi Stadium, Ahmedabad",Home,1.0,T20I
1512761,2026-02-22,Modern Era,"Narendra Modi Stadium, Ahmedabad",Home,0.0,T20I
1512766,2026-02-26,Modern Era,"MA Chidambaram Stadium, Chepauk, Chennai",Home,1.0,T20I
1512770,2026-03-01,Modern Era,"Eden Gardens, Kolkata",Home,1.0,T20I
1512772,2026-03-05,Modern Era,"Wankhede Stadium, Mumbai",Home,1.0,T20I
1512773,2026-03-08,Modern Era,"Narendra Modi Stadium, Ahmedabad",Home,1.0,T20I
63963,2001-12-19,Early 2000s,"M Chinnaswamy Stadium, Bangalore",Home,0.0,Test
64047,2003-10-16,Early 2000s,"Punjab Cricket Association Stadium, Mohali, Chandigarh",Home,0.0,Test
64059,2003-12-04,Early 2000s,"Brisbane Cricket Ground, Woolloongabba, Brisbane",Away,0.0,Test
64062,2004-01-02,Early 2000s,Sydney Cricket Ground,Away,1.0,Test
64083,2004-04-13,Early 2000s,Rawalpindi Cricket Stadium,Away,1.0,Test
64100,2004-10-14,Early 2000s,MA Chidambaram Stadium,Home,0.0,Test
64102,2004-11-03,Early 2000s,Wankhede Stadium,Home,1.0,Test
64109,2004-11-20,Early 2000s,Green Park,Home,0.0,Test
64110,2004-11-28,Early 2000s,Eden Gardens,Home,1.0,Test
64111,2004-12-10,Early 2000s,Bangabandhu National Stadium,Away,1.0,Test
219062,2005-09-13,Early 2000s,Queens Sports Club,Away,1.0,Test
226363,2005-12-18,Early 2000s,Sardar Patel Stadium,Home,1.0,Test
233797,2006-01-21,Early 2000s,Iqbal Stadium,Away,0.0,Test
234783,2006-01-29,Early 2000s,National Stadium,Away,0.0,Test
238186,2006-03-09,Early 2000s,"Punjab Cricket Association IS Bindra Stadium, Mohali",Home,1.0,Test
239025,2006-03-01,Early 2000s,Vidarbha C.A. Ground,Home,0.0,Test
239920,2006-06-02,Early 2000s,"Antigua Recreation Ground, St John's",Away,1.0,Test
239921,2006-06-10,Early 2000s,"Daren Sammy National Cricket Stadium, Gros Islet",Away,1.0,Test
239922,2006-06-22,Early 2000s,"Warner Park, Basseterre",Away,0.0,Test
239923,2006-06-30,Early 2000s,"Sabina Park, Kingston",Away,1.0,Test
249215,2006-12-15,Early 2000s,The Wanderers Stadium,Away,1.0,Test
249216,2006-12-26,Early 2000s,Kingsmead,Away,0.0,Test
249217,2007-01-02,Early 2000s,Newlands,Away,0.0,Test
258468,2007-07-19,Early 2000s,Lord's,Away,0.0,Test
258469,2007-07-27,Early 2000s,Trent Bridge,Away,1.0,Test
258470,2007-08-09,Early 2000s,Kennington Oval,Away,1.0,Test
282691,2007-05-18,Early 2000s,Zahur Ahmed Chowdhury Stadium,Away,1.0,Test
282692,2007-05-25,Early 2000s,"Shere Bangla National Stadium, Mirpur",Away,1.0,Test
291351,2007-12-26,Early 2000s,Melbourne Cricket Ground,Away,0.0,Test
291352,2008-01-02,Transition Era,Sydney Cricket Ground,Away,0.0,Test
291353,2008-01-16,Transition Era,Western Australia Cricket Association Ground,Away,1.0,Test
291354,2008-01-24,Transition Era,Adelaide Oval,Away,1.0,Test
297806,2007-11-22,Early 2000s,Arun Jaitley Stadium,Home,1.0,Test
297807,2007-11-30,Early 2000s,Eden Gardens,Home,1.0,Test
297808,2007-12-08,Early 2000s,M.Chinnaswamy Stadium,Home,1.0,Test
332911,2008-03-26,Transition Era,"MA Chidambaram Stadium, Chepauk",Home,0.0,Test
332912,2008-04-03,Transition Era,"Sardar Patel Stadium, Motera",Home,0.0,Test
332913,2008-04-11,Transition Era,Green Park,Home,1.0,Test
343729,2008-07-23,Transition Era,Sinhalese Sports Club Ground,Away,0.0,Test
343730,2008-07-31,Transition Era,Galle International Stadium,Away,1.0,Test
343731,2008-08-08,Transition Era,P Saravanamuttu Stadium,Away,0.0,Test
345669,2008-10-09,Transition Era,M Chinnaswamy Stadium,Home,0.0,Test
345670,2008-10-17,Transition Era,"Punjab Cricket Association Stadium, Mohali",Home,1.0,Test
345671,2008-10-29,Transition Era,Feroz Shah Kotla,Home,1.0,Test
345672,2008-11-06,Transition Era,"Vidarbha Cricket Association Stadium, Jamtha",Home,1.0,Test
361050,2008-12-11,Transition Era,"MA Chidambaram Stadium, Chepauk",Home,1.0,Test
361051,2008-12-19,Transition Era,"Punjab Cricket Association Stadium, Mohali",Home,1.0,Test
366628,2009-03-18,Transition Era,Seddon Park,Away,1.0,Test
366629,2009-04-03,Transition Era,Basin Reserve,Away,1.0,Test
386496,2009-03-26,Transition Era,McLean Park,Away,1.0,Test
430881,2009-11-16,Transition Era,"Sardar Patel Stadium, Motera",Home,1.0,Test
430882,2009-11-24,Transition Era,Green Park,Home,1.0,Test
430883,2009-12-02,Transition Era,Brabourne Stadium,Home,1.0,Test
434256,2010-01-17,Transition Era,Zahur Ahmed Chowdhury Stadium,Away,1.0,Test
434257,2010-01-24,Transition Era,Shere Bangla National Stadium,Away,1.0,Test
441825,2010-02-06,Transition Era,"Vidarbha Cricket Association Stadium, Jamtha",Home,0.0,Test
441826,2010-02-14,Transition Era,Eden Gardens,Home,1.0,Test
456669,2010-07-18,Transition Era,Galle International Stadium,Away,0.0,Test
456670,2010-07-26,Transition Era,Sinhalese Sports Club Ground,Away,0.0,Test
456671,2010-08-03,Transition Era,P Sara Oval,Away,1.0,Test
463146,2010-12-16,Transition Era,SuperSport Park,Away,0.0,Test
463147,2010-12-26,Transition Era,Kingsmead,Away,1.0,Test
463148,2011-01-02,Transition Era,Newlands,Away,0.0,Test
464526,2010-10-01,Transition Era,"Punjab Cricket Association Stadium, Mohali",Home,1.0,Test
464527,2010-10-09,Transition Era,M Chinnaswamy Stadium,Home,1.0,Test
464531,2010-11-04,Transition Era,"Sardar Patel Stadium, Motera",Home,1.0,Test
464532,2010-11-12,Transition Era,"Rajiv Gandhi International Stadium, Uppal",Home,0.0,Test
464533,2010-11-20,Transition Era,"Vidarbha Cricket Association Stadium, Jamtha",Home,1.0,Test
474472,2011-07-21,Transition Era,Lord's,Away,0.0,Test
474473,2011-07-29,Transition Era,Trent Bridge,Away,0.0,Test
474474,2011-08-10,Transition Era,Edgbaston,Away,0.0,Test
474475,2011-08-18,Transition Era,Kennington Oval,Away,0.0,Test
489226,2011-06-20,Transition Era,"Sabina Park, Kingston",Away,1.0,Test
489227,2011-06-28,Transition Era,"Kensington Oval, Bridgetown",Away,1.0,Test
489228,2011-07-06,Transition Era,"Windsor Park, Roseau",Away,0.0,Test
518950,2011-12-26,Transition Era,Melbourne Cricket Ground,Away,0.0,Test
518951,2012-01-03,Transition Era,Sydney Cricket Ground,Away,0.0,Test
518952,2012-01-13,Transition Era,Western Australia Cricket Association Ground,Away,0.0,Test
518953,2012-01-24,Transition Era,Adelaide Oval,Away,0.0,Test
535997,2011-11-06,Transition Era,Feroz Shah Kotla,Home,1.0,Test
535998,2011-11-14,Transition Era,Eden Gardens,Home,1.0,Test
565806,2012-11-15,Transition Era,"Sardar Patel Stadium, Motera",Home,1.0,Test
565807,2012-11-23,Transition Era,Wankhede Stadium,Home,0.0,Test
565808,2012-12-05,Transition Era,Eden Gardens,Home,0.0,Test
565809,2012-12-13,Transition Era,"Vidarbha Cricket Association Stadium, Jamtha",Home,0.0,Test
565817,2012-08-23,Transition Era,"Rajiv Gandhi International Stadium, Uppal",Home,1.0,Test
565818,2012-08-31,Transition Era,M Chinnaswamy Stadium,Home,1.0,Test
598812,2013-02-22,Modern Era,"MA Chidambaram Stadium, Chepauk",Home,1.0,Test
598813,2013-03-02,Modern Era,"Rajiv Gandhi International Stadium, Uppal",Home,1.0,Test
598814,2013-03-14,Modern Era,"Punjab Cricket Association Stadium, Mohali",Home,1.0,Test
598815,2013-03-22,Modern Era,Feroz Shah Kotla,Home,1.0,Test
648665,2013-12-18,Modern Era,New Wanderers Stadium,Away,1.0,Test
648667,2013-12-26,Modern Era,Kingsmead,Away,0.0,Test
667651,2014-02-06,Modern Era,Eden Park,Away,0.0,Test
667653,2014-02-14,Modern Era,Basin Reserve,Away,0.0,Test
667711,2014-07-09,Modern Era,Trent Bridge,Away,1.0,Test
667713,2014-07-17,Modern Era,Lord's,Away,1.0,Test
667715,2014-07-27,Modern Era,The Rose Bowl,Away,0.0,Test
667717,2014-08-07,Modern Era,Old Trafford,Away,0.0,Test
667719,2014-08-15,Modern Era,Kennington Oval,Away,0.0,Test
676525,2013-11-06,Modern Era,Eden Gardens,Home,1.0,Test
676527,2013-11-14,Modern Era,Wankhede Stadium,Home,1.0,Test
754737,2014-12-09,Modern Era,Adelaide Oval,Away,0.0,Test
754739,2014-12-17,Modern Era,"Brisbane Cricket Ground, Woolloongabba",Away,0.0,Test
754741,2014-12-26,Modern Era,Melbourne Cricket Ground,Away,0.0,Test
754743,2015-01-06,Modern Era,Sydney Cricket Ground,Away,0.0,Test
870729,2015-06-10,Modern Era,Khan Shaheb Osman Ali Stadium,Away,1.0,Test
895773,2015-08-12,Modern Era,Galle International Stadium,Away,0.0,Test
895775,2015-08-20,Modern Era,P Sara Oval,Away,1.0,Test
895777,2015-08-28,Modern Era,Sinhalese Sports Club Ground,Away,1.0,Test
903603,2015-11-05,Modern Era,"Punjab Cricket Association Stadium, Mohali",Home,1.0,Test
903605,2015-11-14,Modern Era,M Chinnaswamy Stadium,Home,0.0,Test
903607,2015-11-25,Modern Era,"Vidarbha Cricket Association Stadium, Jamtha",Home,1.0,Test
903609,2015-12-03,Modern Era,Feroz Shah Kotla,Home,1.0,Test
1022593,2016-07-21,Modern Era,"Sir Vivian Richards Stadium, North Sound",Away,1.0,Test
1022595,2016-07-30,Modern Era,"Sabina Park, Kingston",Away,0.0,Test
1022597,2016-08-09,Modern Era,"Darren Sammy National Cricket Stadium, Gros Islet",Away,1.0,Test
1022599,2016-08-18,Modern Era,"Queen's Park Oval, Port of Spain",Away,0.0,Test
1030213,2016-09-22,Modern Era,Green Park,Home,1.0,Test
1030215,2016-09-30,Modern Era,Eden Gardens,Home,1.0,Test
1030217,2016-10-08,Modern Era,Holkar Cricket Stadium,Home,1.0,Test
1034809,2016-11-09,Modern Era,Saurashtra Cricket Association Stadium,Home,0.0,Test
1034811,2016-11-17,Modern Era,Dr. Y.S. Rajasekhara Reddy ACA-VDCA Cricket Stadium,Home,1.0,Test
1034813,2016-11-26,Modern Era,"Punjab Cricket Association IS Bindra Stadium, Mohali",Home,1.0,Test
1034815,2016-12-08,Modern Era,Wankhede Stadium,Home,1.0,Test
1034817,2016-12-16,Modern Era,"MA Chidambaram Stadium, Chepauk",Home,1.0,Test
1041761,2017-02-09,Modern Era,"Rajiv Gandhi International Stadium, Uppal",Home,1.0,Test
1062573,2017-02-23,Modern Era,Maharashtra Cricket Association Stadium,Home,0.0,Test
1062574,2017-03-04,Modern Era,M Chinnaswamy Stadium,Home,1.0,Test
1062575,2017-03-16,Modern Era,JSCA International Stadium Complex,Home,0.0,Test
1062576,2017-03-25,Modern Era,Himachal Pradesh Cricket Association Stadium,Home,1.0,Test
1109602,2017-07-26,Modern Era,Galle International Stadium,Away,1.0,Test
1109603,2017-08-03,Modern Era,Sinhalese Sports Club Ground,Away,1.0,Test
1109604,2017-08-12,Modern Era,Pallekele International Cricket Stadium,Away,1.0,Test
1119549,2018-08-01,Modern Era,Edgbaston,Away,0.0,Test
1119550,2018-08-09,Modern Era,Lord's,Away,0.0,Test
1119551,2018-08-18,Modern Era,Trent Bridge,Away,1.0,Test
1119552,2018-08-30,Modern Era,The Rose Bowl,Away,0.0,Test
1119553,2018-09-07,Modern Era,Kennington Oval,Away,0.0,Test
1122276,2018-01-05,Modern Era,Newlands,Away,0.0,Test
1122277,2018-01-13,Modern Era,SuperSport Park,Away,0.0,Test
1122278,2018-01-24,Modern Era,The Wanderers Stadium,Away,1.0,Test
1122723,2017-11-16,Modern Era,Eden Gardens,Home,1.0,Test
1122724,2017-11-24,Modern Era,"Vidarbha Cricket Association Stadium, Jamtha",Home,1.0,Test
1122725,2017-12-02,Modern Era,Arun Jaitley Stadium,Home,1.0,Test
1144993,2018-12-06,Modern Era,Adelaide Oval,Away,1.0,Test
1144994,2018-12-14,Modern Era,Perth Stadium,Away,0.0,Test
1144995,2018-12-26,Modern Era,Melbourne Cricket Ground,Away,1.0,Test
1144996,2019-01-03,Modern Era,Sydney Cricket Ground,Away,1.0,Test
1157752,2018-10-04,Modern Era,Saurashtra Cricket Association Stadium,Home,1.0,Test
1157753,2018-10-12,Modern Era,"Rajiv Gandhi International Stadium, Uppal",Home,1.0,Test
1187007,2019-10-02,Modern Era,Dr. Y.S. Rajasekhara Reddy ACA-VDCA Cricket Stadium,Home,1.0,Test
1187008,2019-10-10,Modern Era,Maharashtra Cricket Association Stadium,Home,1.0,Test
1187009,2019-10-19,Modern Era,JSCA International Stadium Complex,Home,1.0,Test
1187016,2019-11-14,Modern Era,Holkar Cricket Stadium,Home,1.0,Test
1187017,2019-11-22,Modern Era,Eden Gardens,Home,1.0,Test
1187685,2020-02-21,Modern Era,Basin Reserve,Away,0.0,Test
1187686,2020-02-29,Modern Era,Hagley Oval,Away,0.0,Test
1188628,2019-08-22,Modern Era,"Sir Vivian Richards Stadium, Antigua",Away,1.0,Test
1188629,2019-08-30,Modern Era,"Sabina Park, Jamaica",Away,1.0,Test
1223869,2020-12-17,Modern Era,Adelaide Oval,Away,0.0,Test
1223870,2020-12-26,Modern Era,Melbourne Cricket Ground,Away,1.0,Test
1223871,2021-01-07,Modern Era,Sydney Cricket Ground,Away,0.0,Test
1223872,2021-01-15,Modern Era,Brisbane Cricket Ground,Away,1.0,Test
1239543,2021-08-04,Modern Era,"Trent Bridge, Nottingham",Away,0.0,Test
1239544,2021-08-12,Modern Era,"Lord's, London",Away,1.0,Test
1239545,2021-08-25,Modern Era,"Headingley, Leeds",Away,0.0,Test
1239546,2021-09-02,Modern Era,"Kennington Oval, London",Away,1.0,Test
1243384,2021-02-05,Modern Era,MA Chidambaram Stadium,Home,0.0,Test
1243385,2021-02-13,Modern Era,MA Chidambaram Stadium,Home,1.0,Test
1243386,2021-02-24,Modern Era,Narendra Modi Stadium,Home,1.0,Test
1243387,2021-03-04,Modern Era,Narendra Modi Stadium,Home,1.0,Test
1249875,2021-06-18,Modern Era,"The Rose Bowl, Southampton",Away,0.0,Test
1277079,2021-12-26,Modern Era,"SuperSport Park, Centurion",Away,1.0,Test
1277080,2022-01-03,Modern Era,"The Wanderers Stadium, Johannesburg",Away,0.0,Test
1277081,2022-01-11,Modern Era,"Newlands, Cape Town",Away,0.0,Test
1278674,2021-11-25,Modern Era,"Green Park, Kanpur",Home,1.0,Test
1278675,2021-12-03,Modern Era,"Wankhede Stadium, Mumbai",Home,1.0,Test
1278682,2022-03-04,Modern Era,"Punjab Cricket Association IS Bindra Stadium, Mohali, Chandigarh",Home,1.0,Test
1278683,2022-03-12,Modern Era,"M Chinnaswamy Stadium, Bengaluru",Home,1.0,Test
1320741,2022-07-01,Modern Era,"Edgbaston, Birmingham",Away,0.0,Test
1340848,2022-12-14,Modern Era,"Zahur Ahmed Chowdhury Stadium, Chattogram",Away,1.0,Test
1340849,2022-12-22,Modern Era,"Shere Bangla National Stadium, Mirpur",Away,1.0,Test
1348652,2023-02-09,Modern Era,"Vidarbha Cricket Association Stadium, Jamtha, Nagpur",Home,1.0,Test
1348653,2023-02-17,Modern Era,"Arun Jaitley Stadium, Delhi",Home,1.0,Test
1348654,2023-03-01,Modern Era,"Holkar Cricket Stadium, Indore",Home,0.0,Test
1348655,2023-03-09,Modern Era,"Narendra Modi Stadium, Ahmedabad",Home,0.0,Test
1358412,2023-06-07,Modern Era,"Kennington Oval, London",Away,0.0,Test
1381212,2023-07-12,Modern Era,"Windsor Park, Roseau, Dominica",Away,1.0,Test
1381213,2023-07-20,Modern Era,"Queen's Park Oval, Port of Spain, Trinidad",Away,1.0,Test
1387603,2023-12-26,Modern Era,"SuperSport Park, Centurion",Away,0.0,Test
1387604,2024-01-03,Modern Era,"Newlands, Cape Town",Away,1.0,Test
1389399,2024-01-25,Modern Era,"Rajiv Gandhi International Stadium, Uppal, Hyderabad",Home,0.0,Test
1389400,2024-02-02,Modern Era,"Dr. Y.S. Rajasekhara Reddy ACA-VDCA Cricket Stadium, Visakhapatnam",Home,1.0,Test
1389401,2024-02-15,Modern Era,"Saurashtra Cricket Association Stadium, Rajkot",Home,1.0,Test
1389402,2024-02-23,Modern Era,"JSCA International Stadium Complex, Ranchi",Home,1.0,Test
1389403,2024-03-07,Modern Era,"Himachal Pradesh Cricket Association Stadium, Dharamsala",Home,1.0,Test
1426555,2024-11-22,Modern Era,Perth Stadium,Away,1.0,Test
1426556,2024-12-06,Modern Era,Adelaide Oval,Away,0.0,Test
1426557,2024-12-14,Modern Era,"Brisbane Cricket Ground, Woolloongabba, Brisbane",Away,0.0,Test
1426558,2024-12-26,Modern Era,Melbourne Cricket Ground,Away,0.0,Test
1426559,2025-01-03,Modern Era,Sydney Cricket Ground,Away,0.0,Test
1439891,2024-09-19,Modern Era,"MA Chidambaram Stadium, Chepauk, Chennai",Home,1.0,Test
1439892,2024-09-27,Modern Era,"Green Park, Kanpur",Home,1.0,Test
1439896,2024-10-16,Modern Era,"M Chinnaswamy Stadium, Bengaluru",Home,0.0,Test
1439897,2024-10-24,Modern Era,"Maharashtra Cricket Association Stadium, Pune",Home,0.0,Test
1439898,2024-11-01,Modern Era,"Wankhede Stadium, Mumbai",Home,0.0,Test
1448349,2025-06-20,Modern Era,"Headingley, Leeds",Away,0.0,Test
1448350,2025-07-02,Modern Era,"Edgbaston, Birmingham",Away,1.0,Test
1448351,2025-07-10,Modern Era,"Lord's, London",Away,0.0,Test
1448352,2025-07-23,Modern Era,"Old Trafford, Manchester",Away,1.0,Test
1448353,2025-07-31,Modern Era,"Kennington Oval, London",Away,1.0,Test
1479569,2025-10-02,Modern Era,"Narendra Modi Stadium, Ahmedabad",Home,1.0,Test
1479570,2025-10-10,Modern Era,"Arun Jaitley Stadium, Delhi",Home,1.0,Test
1479571,2025-11-14,Modern Era,"Eden Gardens, Kolkata",Home,0.0,Test
1479572,2025-11-22,Modern Era,"Barsapara Cricket Stadium, Guwahati",Home,0.0,Test
